Ref,Val,Package,PosX,PosY,Rot,Side
"C1","0.1uF","C_0402_1005Metric",144.900000,-85.300000,180.000000,top
"C2","0.1uF","C_0402_1005Metric",119.635817,-102.798962,225.000000,top
"C3","0.1uF","C_0402_1005Metric",128.885000,-85.300000,180.000000,top
"C4","0.1uF","C_0402_1005Metric",139.550000,-105.100000,270.000000,top
"C5","10uF","C_0603_1608Metric",140.750000,-105.012500,270.000000,top
"C6","1uF","C_0402_1005Metric",141.350000,-102.300000,90.000000,top
"C7","56pF","C_0402_1005Metric",127.950000,-102.100000,90.000000,top
"C8","6.8nF","C_0402_1005Metric",127.950000,-103.600000,180.000000,top
"C9","56pF","C_0402_1005Metric",129.850000,-102.100000,90.000000,top
"C10","22nF","C_0603_1608Metric",136.400000,-84.000000,270.000000,top
"C11","22nF","C_0603_1608Metric",149.400000,-83.050000,270.000000,top
"C12","1uF","C_0402_1005Metric",132.785000,-101.850000,180.000000,top
"C13","0.1uF","C_0402_1005Metric",142.350000,-102.300000,90.000000,top
"C14","10uF","C_0603_1608Metric",134.412500,-105.700000,180.000000,top
"C15","0.1uF","C_0402_1005Metric",134.465000,-104.500000,180.000000,top
"C16","1uF","C_0402_1005Metric",136.415000,-104.500000,0.000000,top
"C17","680pF","C_0402_1005Metric",126.125000,-97.475000,270.000000,top
"C18","1nF","C_0603_1608Metric",148.462500,-100.400000,180.000000,top
"C19","5.6nF","C_0603_1608Metric",125.550000,-94.300000,180.000000,top
"C20","100nF","C_1206_3216Metric",130.650000,-81.650000,90.000000,top
"C21","0.1uF","C_0402_1005Metric",136.415000,-103.500000,0.000000,top
"C22","22nF","C_0402_1005Metric",125.625000,-98.975000,180.000000,top
"C23","100nF","C_1206_3216Metric",126.150000,-81.650000,90.000000,top
"C24","100nF","C_1206_3216Metric",132.900000,-81.650000,90.000000,top
"C25","68nF","C_1206_3216Metric",128.400000,-81.650000,90.000000,top
"C26","0.1uF","C_0402_1005Metric",142.550000,-97.000000,180.000000,top
"C27","1uF","C_0402_1005Metric",120.150000,-92.450000,0.000000,top
"C28","22uF","C_1206_3216Metric",114.930000,-88.370000,0.000000,top
"C29","0.1uF","C_0402_1005Metric",127.165000,-95.800000,0.000000,top
"C30","0.1uF","C_0402_1005Metric",130.300000,-95.500000,270.000000,top
"C31","10uF","C_0603_1608Metric",129.050000,-95.262500,270.000000,top
"C32","22uF","C_1206_3216Metric",114.930000,-90.670000,0.000000,top
"C33","0.1uF","C_0402_1005Metric",131.900000,-93.535000,90.000000,top
"C34","0.1uF","C_0402_1005Metric",136.250000,-92.915000,90.000000,top
"C35","5.6nF","C_0603_1608Metric",151.150000,-85.600000,90.000000,top
"C36","10uF","C_0603_1608Metric_Pad1.05x0.95mm_HandSolder",115.940000,-72.420000,0.000000,top
"C37","10uF","C_0603_1608Metric",144.900000,-88.550000,180.000000,top
"C38","10uF","C_0603_1608Metric",128.900000,-88.550000,180.000000,top
"C39","5.6nF","C_0603_1608Metric",162.800000,-89.750000,180.000000,top
"C40","10uF","C_0603_1608Metric",144.900000,-86.800000,180.000000,top
"C41","10uF","C_0603_1608Metric",128.900000,-86.800000,180.000000,top
"C42","0.1uF","C_0603_1608Metric",123.171351,-106.334496,225.000000,top
"C43","1uF","C_0603_1608Metric",120.696477,-103.859622,225.000000,top
"C44","4.7uF","C_0603_1608Metric",121.933914,-105.097059,225.000000,top
"C45","100nF","C_0603_1608Metric_Pad1.05x0.95mm_HandSolder",113.015000,-78.220000,0.000000,top
"C46","10uF","C_0603_1608Metric_Pad1.05x0.95mm_HandSolder",111.040000,-73.620000,180.000000,top
"C47","10uF","C_0603_1608Metric_Pad1.05x0.95mm_HandSolder",111.040000,-72.120000,180.000000,top
"C48","15pF","C_0402_1005Metric",117.265000,-68.500000,180.000000,top
"CHG_LED1","GREEN","LED_0603_1608Metric",167.800000,-95.500000,270.000000,top
"D1","BAV21W","D_SOD-123",123.650000,-81.550000,90.000000,top
"D2","BAV21W","D_SOD-123",154.300000,-85.550000,180.000000,top
"D3","MBR0530","D_SOD-123",119.350000,-56.250000,180.000000,top
"FLT_LED1","RED","LED_0603_1608Metric",167.800000,-99.962500,90.000000,top
"L1","4.7uH","L_0603_1608Metric",137.487500,-105.800000,180.000000,top
"L2","4.7uH","L_1008_2520Metric",111.000000,-75.720000,180.000000,top
"Q1","DMG7430LFG","TRANS_DMP3017SFGQ-7_b",125.400000,-87.050000,270.000000,top
"Q2","DMG7430LFG","TRANS_DMP3017SFGQ-7_b",141.450000,-87.100000,270.000000,top
"Q3","DMG7430LFG","TRANS_DMP3017SFGQ-7_b",148.400000,-87.100000,90.000000,top
"Q4","DMG7430LFG","TRANS_DMP3017SFGQ-7_b",132.350000,-87.100000,90.000000,top
"Q5","2N7002","SOT-23",154.100000,-88.550000,180.000000,top
"Q6","SiA453EDJ","Vishay_PowerPAK_SC70-6L_Single",138.250000,-89.550000,270.000000,top
"Q7","2N7002","SOT-23",157.900000,-88.550000,180.000000,top
"Q8","2N7002","SOT-23",154.000000,-102.850000,180.000000,top
"Q9","NTR4003N","SOT-23",118.200000,-63.000000,90.000000,top
"R1","1K","R_0402_1005Metric",159.150000,-85.635000,90.000000,top
"R2","10K","R_0402_1005Metric",110.500000,-87.200000,180.000000,top
"R3","1K","R_0402_1005Metric",167.315000,-102.250000,0.000000,top
"R4","680","R_0402_1005Metric",167.315000,-93.250000,0.000000,top
"R5","10K","R_0402_1005Metric",110.500000,-86.200000,180.000000,top
"R6","10K","R_0402_1005Metric",129.900000,-103.600000,0.000000,top
"R7","1K","R_0402_1005Metric",131.300000,-101.365000,270.000000,top
"R8","100K","R_0402_1005Metric",161.750000,-97.250000,180.000000,top
"R9","1K","R_0402_1005Metric",117.200000,-66.500000,90.000000,top
"R10","390K","R_0603_1608Metric",151.500000,-96.100000,180.000000,top
"R11","200K","R_0603_1608Metric",125.550000,-92.800000,0.000000,top
"R12","390K","R_0603_1608Metric",162.800000,-88.150000,0.000000,top
"R13","10K","R_0402_1005Metric",125.125000,-97.475000,90.000000,top
"R14","2.4K","R_0402_1005Metric",124.550000,-91.065000,90.000000,top
"R15","10","R_0402_1005Metric",119.650000,-90.950000,90.000000,top
"R16","10K","R_0402_1005Metric",151.750000,-103.700000,90.000000,top
"R17","17.8","R_0402_1005Metric",112.765000,-68.500000,0.000000,top
"R18","0.02","R_0805_2012Metric",120.137500,-88.350000,180.000000,top
"R19","10K","R_0402_1005Metric",111.250000,-68.015000,270.000000,top
"R20","10K","R_0402_1005Metric",155.450000,-94.065000,270.000000,top
"R21","10","R_0402_1005Metric",120.650000,-90.950000,90.000000,top
"R22","10K","R_0402_1005Metric",115.235000,-68.500000,0.000000,top
"R23","10K","R_0402_1005Metric",162.700000,-91.350000,0.000000,top
"R25","12","R_0402_1005Metric",130.500000,-93.600000,270.000000,top
"R26","100K","R_0402_1005Metric",123.385000,-84.400000,180.000000,top
"R27","12","R_0402_1005Metric",133.950000,-92.900000,270.000000,top
"R28","12","R_0402_1005Metric",134.950000,-92.900000,270.000000,top
"R29","12","R_0402_1005Metric",137.225000,-92.915000,270.000000,top
"R30","100K","R_0402_1005Metric",138.900000,-84.550000,90.000000,top
"R31","100K","R_0402_1005Metric",151.000000,-90.235000,270.000000,top
"R32","100K","R_0402_1005Metric",134.800000,-86.765000,270.000000,top
"R33","3","R_0805_2012Metric",144.912500,-83.550000,180.000000,top
"R34","100K","R_0603_1608Metric",162.800000,-84.950000,0.000000,top
"R35","200K","R_0603_1608Metric",162.800000,-86.550000,0.000000,top
"R36","0.1","R_0402_1005Metric",149.350000,-80.315000,270.000000,top
"R37","0.1","R_0402_1005Metric",136.400000,-81.315000,270.000000,top
"R40","14.3","R_0402_1005Metric",158.250000,-99.850000,90.000000,top
"R41","10K","R_0402_1005Metric",152.200000,-91.585000,270.000000,top
"R42","10K","R_0402_1005Metric",136.000000,-88.500000,180.000000,top
"R43","10K","R_0402_1005Metric",156.850000,-94.065000,90.000000,top
"R44","15.8K","R_0402_1005Metric",156.850000,-99.850000,90.000000,top
"R45","220","R_0805_2012Metric",137.850000,-86.550000,180.000000,top
"R48","10K","R_0402_1005Metric",158.250000,-94.050000,90.000000,top
"TH1","10K Thermistor","R_0805_2012Metric",148.812500,-77.500000,0.000000,top
"U1","P9242-RNDGI8","QFN40P600X600X100-49N",136.200000,-97.650000,90.000000,top
"U2","AP63205","TSOT-23-6",115.450000,-75.320000,180.000000,top
"U3","LMV331","SOT-23-5",114.100000,-66.050000,0.000000,top
